[
  {
    "id": 1,
    "name": "NodeJS",
    "author": "Bell",
    "created_at": "2022-11-29T09:27:15.000Z",
    "updated_at": "2022-11-29T09:34:32.000Z"
  },
  {
    "id": 2,
    "name": "JavaScript",
    "author": "Charukit Kulchiraphat",
    "created_at": "2022-11-29T09:31:05.000Z",
    "updated_at": "2022-11-29T09:31:05.000Z"
  },
  {
    "id": 3,
    "name": "PostMan",
    "author": "Ball",
    "created_at": "2022",
    "updated_at": "2022"
  },
  {
    "id": 4,
    "name": "Json",
    "author": "Mail",
    "created_at": "2077",
    "updated_at": "2077"
  }
]